{"stat.useItem.35":42,"stat.useItem.143":1,"stat.useItem.323":6,"stat.fallOneCm":960,"stat.useItem.14":1,"achievement.openInventory":73,"stat.useItem.145":1,"stat.jump":152,"achievement.exploreAllBiomes":{"value":0,"progress":["Desert","Beach","Plains","River"]},"stat.useItem.1":5,"stat.useItem.57":7,"stat.useItem.3":62,"stat.useItem.328":8,"stat.useItem.76":15,"stat.useItem.171":1,"stat.useItem.30":9,"stat.useItem.33":1,"stat.useItem.95":573,"stat.drop":7,"stat.useItem.159":285,"stat.useItem.152":68,"stat.useItem.134":8,"stat.flyOneCm":595529,"stat.useItem.29":39,"stat.useItem.155":3,"stat.useItem.137":7,"stat.useItem.28":24,"stat.useItem.356":9,"stat.useItem.138":1,"stat.useItem.331":76,"stat.useItem.69":7,"stat.walkOneCm":99915,"stat.useItem.44":248,"stat.useItem.41":9,"stat.useItem.404":5,"stat.useItem.160":281,"stat.playOneMinute":149637}