{"stat.useItem.minecraft.redstone_block":2,"achievement.exploreAllBiomes":{"value":0,"progress":["Plains","Jungle"]},"achievement.openInventory":20,"stat.fallOneCm":13926,"stat.flyOneCm":183000,"stat.useItem.minecraft.hardened_clay":3,"stat.useItem.minecraft.stone":4,"stat.useItem.minecraft.clay":5,"stat.drop":69,"stat.damageTaken":34472,"stat.playOneMinute":105989,"stat.leaveGame":8,"stat.useItem.minecraft.pumpkin":8,"stat.deaths":16,"stat.jump":141,"stat.useItem.minecraft.vine":22,"stat.swimOneCm":528,"stat.walkOneCm":78217,"stat.useItem.minecraft.dirt":3,"stat.useItem.minecraft.diamond_hoe":13}