{"stat.useItem.minecraft.anvil":3,"stat.useItem.minecraft.chest":38,"stat.useItem.minecraft.iron_bars":5,"stat.killEntity.Sheep":25,"stat.useItem.minecraft.stone_button":37,"stat.useItem.minecraft.leaves":4,"stat.useItem.minecraft.iron_hoe":5,"stat.useItem.minecraft.netherrack":15,"stat.useItem.minecraft.quartz_block":15,"stat.useItem.minecraft.command_block":550,"stat.useItem.minecraft.stained_glass":14,"achievement.openInventory":2369,"stat.damageDealt":102645,"stat.useItem.minecraft.fire_charge":3,"stat.mineBlock.minecraft.redstone_block":14,"stat.craftItem.minecraft.golden_leggings":2,"stat.useItem.minecraft.fence":1,"stat.useItem.minecraft.iron_block":1,"stat.killEntity.Cow":10,"stat.useItem.minecraft.diamond_pickaxe":89,"stat.useItem.minecraft.stained_glass_pane":6,"stat.useItem.minecraft.shears":11,"stat.useItem.minecraft.sticky_piston":8,"achievement.exploreAllBiomes":{"value":0,"progress":["Desert","Plains","Beach","Jungle","River","Hell"]},"stat.useItem.minecraft.log":242,"stat.useItem.minecraft.bedrock":19,"stat.useItem.minecraft.redstone_block":106,"stat.mineBlock.minecraft.log":58,"stat.useItem.minecraft.hay_block":2,"stat.craftItem.minecraft.leather_helmet":2,"stat.useItem.minecraft.planks":473,"stat.useItem.minecraft.noteblock":1,"stat.mineBlock.minecraft.vine":10,"stat.fallOneCm":211535,"stat.flyOneCm":22864845,"stat.useItem.minecraft.coal_ore":108,"stat.mineBlock.minecraft.iron_ore":47,"stat.damageTaken":185483,"stat.useItem.minecraft.torch":1,"stat.useItem.minecraft.dispenser":9,"stat.useItem.minecraft.diamond_sword":74,"stat.mineBlock.minecraft.clay":23,"stat.useItem.minecraft.oak_stairs":14,"stat.useItem.minecraft.yellow_flower":2,"stat.killEntity.Chicken":7,"stat.useItem.minecraft.dropper":5,"stat.mineBlock.minecraft.gold_ore":17,"stat.useItem.minecraft.stained_hardened_clay":60,"stat.useItem.minecraft.stonebrick":8,"stat.craftItem.minecraft.redstone_block":2,"stat.useItem.minecraft.clay":43,"stat.useItem.minecraft.stone":364,"stat.craftItem.minecraft.leather_boots":1,"stat.craftItem.minecraft.snow":1,"stat.useItem.minecraft.ladder":67,"stat.useItem.minecraft.hardened_clay":24,"stat.craftItem.minecraft.quartz_block":2,"stat.useItem.minecraft.log2":69,"stat.useItem.minecraft.redstone_lamp":1,"stat.climbOneCm":33630,"stat.useItem.minecraft.redstone":317,"stat.mineBlock.minecraft.pumpkin":7,"stat.drop":1958,"stat.entityKilledBy.PigZombie":1,"stat.useItem.minecraft.repeater":323,"stat.useItem.minecraft.stone_pressure_plate":4,"stat.useItem.minecraft.comparator":94,"stat.useItem.minecraft.glowstone":11,"stat.craftItem.minecraft.iron_hoe":2,"stat.useItem.minecraft.reeds":2,"achievement.mineWood":82,"stat.useItem.minecraft.spruce_stairs":1,"stat.mineBlock.minecraft.hardened_clay":15,"stat.useItem.minecraft.sand":7,"stat.useItem.minecraft.iron_axe":98,"stat.useItem.minecraft.snow":73,"stat.useItem.minecraft.stone_slab":25,"stat.craftItem.minecraft.dye":32,"stat.useItem.minecraft.barrier":29,"stat.craftItem.minecraft.leather_chestplate":1,"stat.useItem.minecraft.lapis_block":3,"stat.useItem.minecraft.crafting_table":4,"stat.playOneMinute":2295442,"stat.useItem.minecraft.redstone_torch":10,"stat.killEntity.Pig":9,"stat.useItem.minecraft.stone_shovel":23,"stat.useItem.minecraft.hopper":10,"stat.useItem.minecraft.iron_ore":82,"stat.leaveGame":147,"stat.diveOneCm":14153,"stat.useItem.minecraft.record_13":50,"stat.useItem.minecraft.gold_ore":46,"stat.useItem.minecraft.glass":40,"stat.killEntity.Spider":51,"stat.useItem.minecraft.iron_trapdoor":26,"stat.mineBlock.minecraft.leaves":2,"stat.killEntity.PigZombie":3,"stat.craftItem.minecraft.stick":12,"stat.useItem.minecraft.wool":7,"stat.useItem.minecraft.nether_brick":82,"stat.useItem.minecraft.mossy_cobblestone":21,"stat.useItem.minecraft.pumpkin":36,"stat.entityKilledBy.Skeleton":1,"stat.craftItem.minecraft.leather_leggings":1,"stat.swimOneCm":17986,"stat.killEntity.Skeleton":77,"stat.walkOneCm":5402476,"stat.useItem.minecraft.slime":16,"stat.playerKills":1,"stat.mineBlock.minecraft.coal_ore":10,"stat.useItem.minecraft.redstone_ore":34,"stat.mineBlock.minecraft.log2":32,"stat.jump":14952,"stat.useItem.minecraft.beacon":1,"stat.useItem.minecraft.coal_block":18,"stat.deaths":196,"stat.useItem.minecraft.vine":27,"stat.useItem.minecraft.wooden_slab":12,"stat.mobKills":216,"stat.craftItem.minecraft.diamond_shovel":2,"stat.useItem.minecraft.string":18,"stat.killEntity.Zombie":29,"stat.useItem.minecraft.sign":15,"stat.useItem.minecraft.wooden_sword":11,"stat.useItem.minecraft.piston":4,"stat.useItem.minecraft.detector_rail":1,"stat.useItem.minecraft.tallgrass":2,"stat.useItem.minecraft.spawn_egg":14,"stat.useItem.minecraft.iron_pickaxe":14,"stat.useItem.minecraft.dirt":414}