{"stat.useItem.82":31,"stat.fallOneCm":1559,"stat.playerKills":1,"achievement.openInventory":56,"stat.jump":310,"achievement.exploreAllBiomes":{"value":0,"progress":["Plains"]},"stat.mobKills":1,"stat.damageTaken":30,"stat.useItem.3":60,"stat.craftItem.331":9,"stat.craftItem.351":1,"stat.useItem.172":4,"stat.damageDealt":184,"stat.killEntity.Spider":1,"stat.useItem.33":4,"stat.drop":19,"stat.useItem.156":18,"stat.flyOneCm":475878,"stat.useItem.152":29,"stat.useItem.29":17,"stat.useItem.155":31,"stat.useItem.137":1,"stat.leaveGame":3,"stat.useItem.356":2,"stat.useItem.331":35,"stat.useItem.69":1,"stat.walkOneCm":139851,"stat.swimOneCm":46,"stat.useItem.44":35,"stat.playOneMinute":62357}