{"stat.useItem.95":354,"stat.useItem.35":8,"stat.drop":1,"stat.useItem.159":256,"stat.useItem.85":9,"stat.fallOneCm":422,"stat.flyOneCm":745020,"stat.useItem.155":30,"achievement.openInventory":28,"stat.leaveGame":2,"stat.jump":774,"stat.useItem.138":1,"achievement.exploreAllBiomes":{"value":0,"progress":["Beach","Plains"]},"stat.useItem.3":14,"stat.walkOneCm":195869,"stat.useItem.44":57,"stat.climbOneCm":1147,"stat.useItem.160":218,"stat.useItem.30":4,"stat.useItem.113":11,"stat.playOneMinute":95008,"stat.useItem.33":12}